{"validation_accuracy":0.8791666666666667,"_step":11,"best_val_accuracy":0.8791666666666667,"test_accuracy":0.8776,"_timestamp":1.7415543080152907e+09,"sample_images":{"width":1000,"height":500,"_type":"image-file","sha256":"d9704b5498fbd4e4f2b4800f666a98ac07dfd355d83c407d101f23c3bc827099","size":29789,"path":"media/images/sample_images_0_d9704b5498fbd4e4f2b4.png","format":"png"},"_runtime":197.2911319,"epoch":10,"train_accuracy":0.9027510367298578,"best_test_accuracy":0.8776,"_wandb":{"runtime":197}}