{"_wandb":{"runtime":104},"test_accuracy":0.8698,"best_test_accuracy":0.8698,"train_accuracy":0.8992407407407408,"_step":11,"_timestamp":1.7415553833953013e+09,"epoch":10,"_runtime":104.4549513,"best_val_accuracy":0.8781666666666667,"sample_images":{"path":"media/images/sample_images_0_f8549b8dfe7249d38d57.png","format":"png","width":1000,"height":500,"_type":"image-file","sha256":"f8549b8dfe7249d38d57d569e79a9d3a6a225a12109914373d0bb20e7591d262","size":28737},"validation_accuracy":0.8781666666666667}