{"epoch":10,"train_accuracy":0.9041666666666667,"_runtime":326.6223487,"best_val_accuracy":0.8883333333333333,"test_accuracy":0.8831,"_step":11,"validation_accuracy":0.8883333333333333,"_timestamp":1.7415551147367032e+09,"sample_images":{"height":500,"_type":"image-file","sha256":"ef47df9e37a7c9650713081df63cd980be5e09e98b21734dd11b10d8f287eeb0","size":28765,"path":"media/images/sample_images_0_ef47df9e37a7c9650713.png","format":"png","width":1000},"best_test_accuracy":0.8831,"_wandb":{"runtime":326}}