{"_wandb":{"runtime":167},"sample_images":{"_type":"image-file","sha256":"c8f1d54409182043f38d149a192065ab0c834a09f53d58d41d6049569416e1b0","size":29389,"path":"media/images/sample_images_0_c8f1d54409182043f38d.png","format":"png","width":1000,"height":500},"epoch":10,"_timestamp":1.7415576005148563e+09,"best_test_accuracy":0.8765,"validation_accuracy":0.8798333333333334,"_step":11,"_runtime":167.3566148,"test_accuracy":0.8765,"best_val_accuracy":0.8798333333333334,"train_accuracy":0.8930185185185185}