{"_timestamp":1.7415546795954027e+09,"best_test_accuracy":0.8657,"_step":6,"validation_accuracy":0.8746666666666667,"test_accuracy":0.8657,"train_accuracy":0.8833888888888889,"_wandb":{"runtime":68},"sample_images":{"height":500,"_type":"image-file","sha256":"8bb1298b95579c745f93f3fc5565f8d3bc7a7618a5642f17e514c5f10d1ab2b5","size":29548,"path":"media/images/sample_images_0_8bb1298b95579c745f93.png","format":"png","width":1000},"_runtime":68.1512744,"epoch":5,"best_val_accuracy":0.8746666666666667}