{"test_accuracy":0.8592,"best_val_accuracy":0.8678333333333333,"epoch":10,"_timestamp":1.7415539824422004e+09,"_step":11,"train_accuracy":0.8774622334123223,"_wandb":{"runtime":35},"_runtime":35.7756387,"validation_accuracy":0.8678333333333333,"best_test_accuracy":0.8592,"sample_images":{"format":"png","width":1000,"height":500,"_type":"image-file","sha256":"7d95cadff4abbdedb60a42e956e7293b27d7bd9e41e55c98f6479fbd32b3f80b","size":29951,"path":"media/images/sample_images_0_7d95cadff4abbdedb60a.png"}}