{"validation_accuracy":0.873,"test_accuracy":0.8674,"train_accuracy":0.8814444444444445,"_wandb":{"runtime":76},"epoch":10,"sample_images":{"path":"media/images/sample_images_0_ef47df9e37a7c9650713.png","format":"png","width":1000,"height":500,"_type":"image-file","sha256":"ef47df9e37a7c9650713081df63cd980be5e09e98b21734dd11b10d8f287eeb0","size":28765},"_runtime":76.0177908,"best_val_accuracy":0.873,"best_test_accuracy":0.8674,"_timestamp":1.7415573819936588e+09,"_step":11}