{"best_val_accuracy":0.09166666666666666,"_timestamp":1.7415580258664036e+09,"epoch":10,"_step":11,"sample_images":{"_type":"image-file","sha256":"7d95cadff4abbdedb60a42e956e7293b27d7bd9e41e55c98f6479fbd32b3f80b","size":29951,"path":"media/images/sample_images_0_7d95cadff4abbdedb60a.png","format":"png","width":1000,"height":500},"_runtime":116.7914676,"test_accuracy":0.1,"best_test_accuracy":0.1,"_wandb":{"runtime":116},"train_accuracy":0.10092592592592593,"validation_accuracy":0.09166666666666666}