{"best_test_accuracy":0.8638,"sample_images":{"width":1000,"height":500,"_type":"image-file","sha256":"a418b4b24973b9cf26975799ed952de69df04126e3587b85454a9621cfd6e6d0","size":29486,"path":"media/images/sample_images_0_a418b4b24973b9cf2697.png","format":"png"},"_timestamp":1.7415570172719533e+09,"epoch":5,"_wandb":{"runtime":143},"test_accuracy":0.8638,"_runtime":143.3776723,"train_accuracy":0.8838333333333334,"validation_accuracy":0.8705,"best_val_accuracy":0.8705,"_step":6}