{"epoch":10,"test_accuracy":0.8442,"_timestamp":1.7415574262389388e+09,"_runtime":36.1003455,"_step":11,"train_accuracy":0.8610781990521327,"validation_accuracy":0.8521666666666666,"best_test_accuracy":0.8442,"sample_images":{"_type":"image-file","sha256":"c8f1d54409182043f38d149a192065ab0c834a09f53d58d41d6049569416e1b0","size":29389,"path":"media/images/sample_images_0_c8f1d54409182043f38d.png","format":"png","width":1000,"height":500},"_wandb":{"runtime":36},"best_val_accuracy":0.8521666666666666}