{"validation_accuracy":0.859,"test_accuracy":0.8511,"_step":6,"_runtime":57.1456177,"sample_images":{"path":"media/images/sample_images_0_ef47df9e37a7c9650713.png","format":"png","width":1000,"height":500,"_type":"image-file","sha256":"ef47df9e37a7c9650713081df63cd980be5e09e98b21734dd11b10d8f287eeb0","size":28765},"best_test_accuracy":0.8511,"_wandb":{"runtime":57},"epoch":5,"best_val_accuracy":0.859,"train_accuracy":0.8726111111111111,"_timestamp":1.7415570825678563e+09}