{"_runtime":41.6669532,"_step":11,"train_accuracy":0.8969259259259259,"validation_accuracy":0.8735,"sample_images":{"height":500,"_type":"image-file","sha256":"8bb1298b95579c745f93f3fc5565f8d3bc7a7618a5642f17e514c5f10d1ab2b5","size":29548,"path":"media/images/sample_images_0_8bb1298b95579c745f93.png","format":"png","width":1000},"test_accuracy":0.8705,"best_val_accuracy":0.8735,"epoch":10,"_wandb":{"runtime":41},"best_test_accuracy":0.8705,"_timestamp":1.7415538913646371e+09}