{"test_accuracy":0.8655,"best_test_accuracy":0.8655,"best_val_accuracy":0.8731666666666666,"validation_accuracy":0.8731666666666666,"sample_images":{"format":"png","width":1000,"height":500,"_type":"image-file","sha256":"0e6e277368d9aa42201418ede70fb5674c7e97b91b256a6884ab62e0611f55ba","size":29874,"path":"media/images/sample_images_0_0e6e277368d9aa422014.png"},"_runtime":82.2605143,"_step":6,"epoch":5,"_wandb":{"runtime":82},"_timestamp":1.7415571716494107e+09,"train_accuracy":0.8801296296296296}