{"best_test_accuracy":0.8344,"_wandb":{"runtime":116},"_step":11,"test_accuracy":0.8344,"sample_images":{"sha256":"c8f1d54409182043f38d149a192065ab0c834a09f53d58d41d6049569416e1b0","size":29389,"path":"media/images/sample_images_0_c8f1d54409182043f38d.png","format":"png","width":1000,"height":500,"_type":"image-file"},"best_val_accuracy":0.846,"_timestamp":1.7415541055646143e+09,"epoch":10,"train_accuracy":0.8499444444444444,"_runtime":116.2028956,"validation_accuracy":0.846}