{"_step":11,"best_val_accuracy":0.8661666666666666,"validation_accuracy":0.8661666666666666,"epoch":10,"_wandb":{"runtime":62},"_runtime":62.0650641,"sample_images":{"path":"media/images/sample_images_0_8bb1298b95579c745f93.png","format":"png","width":1000,"height":500,"_type":"image-file","sha256":"8bb1298b95579c745f93f3fc5565f8d3bc7a7618a5642f17e514c5f10d1ab2b5","size":29548},"train_accuracy":0.8751111111111111,"_timestamp":1.741554383296911e+09,"test_accuracy":0.8565,"best_test_accuracy":0.8565}