{"epoch":5,"_wandb":{"runtime":122},"best_test_accuracy":0.1,"train_accuracy":0.09851851851851852,"best_val_accuracy":0.09166666666666666,"test_accuracy":0.1,"_runtime":121.9969274,"_step":6,"sample_images":{"width":1000,"height":500,"_type":"image-file","sha256":"08ae117760aefdc4ac25b88ec6c81cf4f689b1ac41af9363652d3f13ea230c67","size":29777,"path":"media/images/sample_images_0_08ae117760aefdc4ac25.png","format":"png"},"_timestamp":1.7415573007988205e+09,"validation_accuracy":0.09166666666666666}