{"_runtime":85.9834527,"sample_images":{"height":500,"_type":"image-file","sha256":"522280e194fc53b41776f1a6cc02ab5a0352b1c04de6ef35d74cc7466c3582ad","size":29424,"path":"media/images/sample_images_0_522280e194fc53b41776.png","format":"png","width":1000},"epoch":10,"_step":11,"validation_accuracy":0.75,"train_accuracy":0.7427407407407407,"best_val_accuracy":0.75,"_timestamp":1.7415560466082654e+09,"best_test_accuracy":0.747,"test_accuracy":0.747,"_wandb":{"runtime":86}}