{"epoch":5,"sample_images":{"sha256":"0e6e277368d9aa42201418ede70fb5674c7e97b91b256a6884ab62e0611f55ba","size":29874,"path":"media/images/sample_images_0_0e6e277368d9aa422014.png","format":"png","width":1000,"height":500,"_type":"image-file"},"best_val_accuracy":0.8763333333333333,"_runtime":93.9333401,"train_accuracy":0.8851111111111111,"test_accuracy":0.8738,"_step":6,"_wandb":{"runtime":93},"validation_accuracy":0.8763333333333333,"best_test_accuracy":0.8738,"_timestamp":1.7415547808869686e+09}