{"best_val_accuracy":0.1045,"epoch":10,"_runtime":31.1752214,"train_accuracy":0.09950138230647709,"test_accuracy":0.1,"validation_accuracy":0.1045,"best_test_accuracy":0.1,"_timestamp":1.74155368681431e+09,"_step":11,"_wandb":{"runtime":31},"sample_images":{"format":"png","width":1000,"height":500,"_type":"image-file","sha256":"3fa08a881c45d223f07eb0a10d8096afabb5c4ce5a8229df1c69ad71af909012","size":30177,"path":"media/images/sample_images_0_3fa08a881c45d223f07e.png"}}