{"test_accuracy":0.8728,"_wandb":{"runtime":110},"_runtime":110.259574,"train_accuracy":0.8972962962962963,"_timestamp":1.7415577179128304e+09,"best_test_accuracy":0.8728,"epoch":10,"validation_accuracy":0.8793333333333333,"_step":11,"best_val_accuracy":0.8793333333333333,"sample_images":{"path":"media/images/sample_images_0_a418b4b24973b9cf2697.png","format":"png","width":1000,"height":500,"_type":"image-file","sha256":"a418b4b24973b9cf26975799ed952de69df04126e3587b85454a9621cfd6e6d0","size":29486}}