{"epoch":10,"test_accuracy":0.8797,"_wandb":{"runtime":193},"_step":11,"train_accuracy":0.9054629629629629,"sample_images":{"width":1000,"height":500,"_type":"image-file","sha256":"522280e194fc53b41776f1a6cc02ab5a0352b1c04de6ef35d74cc7466c3582ad","size":29424,"path":"media/images/sample_images_0_522280e194fc53b41776.png","format":"png"},"best_test_accuracy":0.8797,"_runtime":193.5506354,"validation_accuracy":0.8825,"best_val_accuracy":0.8825,"_timestamp":1.7415559534847956e+09}