{"_step":11,"_wandb":{"runtime":34},"best_test_accuracy":0.8545,"validation_accuracy":0.8621666666666666,"best_val_accuracy":0.8621666666666666,"sample_images":{"path":"media/images/sample_images_0_7d95cadff4abbdedb60a.png","format":"png","width":1000,"height":500,"_type":"image-file","sha256":"7d95cadff4abbdedb60a42e956e7293b27d7bd9e41e55c98f6479fbd32b3f80b","size":29951},"epoch":10,"_timestamp":1.7415577590155587e+09,"test_accuracy":0.8545,"train_accuracy":0.8703532286729858,"_runtime":34.9186638}