{"epoch":10,"_runtime":159.6417576,"_step":11,"sample_images":{"path":"media/images/sample_images_0_f8549b8dfe7249d38d57.png","format":"png","width":1000,"height":500,"_type":"image-file","sha256":"f8549b8dfe7249d38d57d569e79a9d3a6a225a12109914373d0bb20e7591d262","size":28737},"best_val_accuracy":0.8831666666666667,"test_accuracy":0.8775,"train_accuracy":0.9044629629629629,"validation_accuracy":0.8831666666666667,"best_test_accuracy":0.8775,"_wandb":{"runtime":159},"_timestamp":1.7415563059115202e+09}