{"test_accuracy":0.8695,"best_val_accuracy":0.8785,"epoch":10,"best_test_accuracy":0.8695,"train_accuracy":0.8956111111111111,"_timestamp":1.7415568607126312e+09,"validation_accuracy":0.8785,"_step":11,"sample_images":{"format":"png","width":1000,"height":500,"_type":"image-file","sha256":"522280e194fc53b41776f1a6cc02ab5a0352b1c04de6ef35d74cc7466c3582ad","size":29424,"path":"media/images/sample_images_0_522280e194fc53b41776.png"},"_wandb":{"runtime":160},"_runtime":160.3710664}