{"_wandb":{"runtime":372},"sample_images":{"path":"media/images/sample_images_0_a418b4b24973b9cf2697.png","format":"png","width":1000,"height":500,"_type":"image-file","sha256":"a418b4b24973b9cf26975799ed952de69df04126e3587b85454a9621cfd6e6d0","size":29486},"_runtime":372.8085752,"_step":11,"test_accuracy":0.8763,"validation_accuracy":0.8835,"train_accuracy":0.9013888888888889,"best_test_accuracy":0.8763,"best_val_accuracy":0.8835,"_timestamp":1.7415566919720042e+09,"epoch":10}