{"_runtime":81.2644546,"best_test_accuracy":0.8673,"_step":6,"epoch":5,"test_accuracy":0.8673,"_wandb":{"runtime":81},"sample_images":{"path":"media/images/sample_images_0_c8f1d54409182043f38d.png","format":"png","width":1000,"height":500,"_type":"image-file","sha256":"c8f1d54409182043f38d149a192065ab0c834a09f53d58d41d6049569416e1b0","size":29389},"validation_accuracy":0.8711666666666666,"_timestamp":1.7415561410392036e+09,"train_accuracy":0.8836085604265402,"best_val_accuracy":0.8711666666666666}