{"epoch":10,"best_test_accuracy":0.8767,"sample_images":{"path":"media/images/sample_images_0_c8f1d54409182043f38d.png","format":"png","width":1000,"height":500,"_type":"image-file","sha256":"c8f1d54409182043f38d149a192065ab0c834a09f53d58d41d6049569416e1b0","size":29389},"_runtime":206.8863003,"_timestamp":1.741554598300446e+09,"_step":11,"validation_accuracy":0.8811666666666667,"_wandb":{"runtime":206},"test_accuracy":0.8767,"best_val_accuracy":0.8811666666666667,"train_accuracy":0.9042320793838863}