{"_runtime":152.7371843,"_step":6,"train_accuracy":0.8822222222222222,"sample_images":{"format":"png","width":1000,"height":500,"_type":"image-file","sha256":"a418b4b24973b9cf26975799ed952de69df04126e3587b85454a9621cfd6e6d0","size":29486,"path":"media/images/sample_images_0_a418b4b24973b9cf2697.png"},"best_val_accuracy":0.866,"test_accuracy":0.8668,"best_test_accuracy":0.8668,"epoch":5,"_timestamp":1.7415552737450264e+09,"validation_accuracy":0.866,"_wandb":{"runtime":152}}