{"train_accuracy":0.8252777777777778,"_wandb":{"runtime":43},"best_test_accuracy":0.8102,"epoch":10,"validation_accuracy":0.8178333333333333,"best_val_accuracy":0.8178333333333333,"_runtime":43.3159168,"sample_images":{"format":"png","width":1000,"height":500,"_type":"image-file","sha256":"7d95cadff4abbdedb60a42e956e7293b27d7bd9e41e55c98f6479fbd32b3f80b","size":29951,"path":"media/images/sample_images_0_7d95cadff4abbdedb60a.png"},"test_accuracy":0.8102,"_timestamp":1.7415539424785275e+09,"_step":11}