{"_wandb":{"runtime":364},"_runtime":364.7935718,"validation_accuracy":0.8835,"best_test_accuracy":0.8763,"_timestamp":1.7415557554033334e+09,"_step":11,"test_accuracy":0.8763,"epoch":10,"sample_images":{"height":500,"_type":"image-file","sha256":"b064590af47cab777a08899ee7ae0020de874db04dbe4a949f162d329b878fb9","size":29532,"path":"media/images/sample_images_0_b064590af47cab777a08.png","format":"png","width":1000},"train_accuracy":0.9013888888888889,"best_val_accuracy":0.8835}