{"sample_images":{"_type":"image-file","sha256":"a418b4b24973b9cf26975799ed952de69df04126e3587b85454a9621cfd6e6d0","size":29486,"path":"media/images/sample_images_0_a418b4b24973b9cf2697.png","format":"png","width":1000,"height":500},"_runtime":64.1024777,"_wandb":{"runtime":64},"_step":11,"validation_accuracy":0.875,"test_accuracy":0.8742,"best_test_accuracy":0.8742,"train_accuracy":0.8969317733017377,"best_val_accuracy":0.875,"_timestamp":1.741553836128828e+09,"epoch":10}