{"train_accuracy":0.8857037037037037,"validation_accuracy":0.8686666666666667,"best_val_accuracy":0.8686666666666667,"_timestamp":1.7415581113907633e+09,"_runtime":33.8214236,"test_accuracy":0.8603,"best_test_accuracy":0.8603,"_wandb":{"runtime":33},"sample_images":{"sha256":"d9704b5498fbd4e4f2b4800f666a98ac07dfd355d83c407d101f23c3bc827099","size":29789,"path":"media/images/sample_images_0_d9704b5498fbd4e4f2b4.png","format":"png","width":1000,"height":500,"_type":"image-file"},"_step":11,"epoch":10}