{"epoch":10,"best_val_accuracy":0.8791666666666667,"test_accuracy":0.8706,"best_test_accuracy":0.8706,"sample_images":{"width":1000,"height":500,"_type":"image-file","sha256":"c8f1d54409182043f38d149a192065ab0c834a09f53d58d41d6049569416e1b0","size":29389,"path":"media/images/sample_images_0_c8f1d54409182043f38d.png","format":"png"},"validation_accuracy":0.8791666666666667,"_step":11,"train_accuracy":0.8873703703703704,"_timestamp":1.741557900237595e+09,"_runtime":134.1707784,"_wandb":{"runtime":134}}