{"best_test_accuracy":0.8775,"train_accuracy":0.898233856635071,"epoch":10,"_step":11,"test_accuracy":0.8775,"_timestamp":1.7415580645704155e+09,"validation_accuracy":0.885,"_runtime":33.541435,"_wandb":{"runtime":33},"best_val_accuracy":0.885,"sample_images":{"height":500,"_type":"image-file","sha256":"b064590af47cab777a08899ee7ae0020de874db04dbe4a949f162d329b878fb9","size":29532,"path":"media/images/sample_images_0_b064590af47cab777a08.png","format":"png","width":1000}}